{"0":{"test\/macro_accuracy":0.7405924797,"test\/weighted_accuracy":0.783898294,"test\/auroc":0.9485987425,"test\/ISUP 0":0.9483465552,"test\/ISUP 1":null,"test\/ISUP 2":null,"test\/ISUP 3":0.695517242}}
